DATAFLOW,REF_AREA,FREQ,MEASURE,SEX,OCU,TIME_PERIOD,OBS_VALUE,OBS_STATUS,UNIT_MEASURE_TYPE,UNIT_MEASURE,UNIT_MULT,SOURCE,NOTE_SOURCE,NOTE_INDICATOR,NOTE_CLASSIF,DECIMALS,UPPER_BOUND,LOWER_BOUND
ILO:DF_EMP_TEMP_SEX_OCU_NB(1.0),MDG,A,EMP_TEMP_NB,SEX_T,OCU_SKILL_TOTAL,2012,10210.024,B,NB,PS,3,LFS - Enquête Nationale sur l'Emploi et le Secteur Informel,Repository: ILO-STATISTICS - Micro data processing,Break in series: Methodology revised,,1,,
ILO:DF_EMP_TEMP_SEX_OCU_NB(1.0),MDG,A,EMP_TEMP_NB,SEX_T,OCU_SKILL_L3-4,2012,369.496,B,NB,PS,3,LFS - Enquête Nationale sur l'Emploi et le Secteur Informel,Repository: ILO-STATISTICS - Micro data processing,Break in series: Methodology revised,,1,,
ILO:DF_EMP_TEMP_SEX_OCU_NB(1.0),MDG,A,EMP_TEMP_NB,SEX_T,OCU_SKILL_L2,2012,4795.973,B,NB,PS,3,LFS - Enquête Nationale sur l'Emploi et le Secteur Informel,Repository: ILO-STATISTICS - Micro data processing,Break in series: Methodology revised,,1,,
ILO:DF_EMP_TEMP_SEX_OCU_NB(1.0),MDG,A,EMP_TEMP_NB,SEX_T,OCU_SKILL_L1,2012,4336.69,B,NB,PS,3,LFS - Enquête Nationale sur l'Emploi et le Secteur Informel,Repository: ILO-STATISTICS - Micro data processing,Break in series: Methodology revised,,1,,
ILO:DF_EMP_TEMP_SEX_OCU_NB(1.0),MDG,A,EMP_TEMP_NB,SEX_T,OCU_SKILL_X,2012,707.865,B,NB,PS,3,LFS - Enquête Nationale sur l'Emploi et le Secteur Informel,Repository: ILO-STATISTICS - Micro data processing,Break in series: Methodology revised,,1,,
ILO:DF_EMP_TEMP_SEX_OCU_NB(1.0),MDG,A,EMP_TEMP_NB,SEX_T,OCU_ISCO88_TOTAL,2012,10210.024,B,NB,PS,3,LFS - Enquête Nationale sur l'Emploi et le Secteur Informel,Repository: ILO-STATISTICS - Micro data processing,Break in series: Methodology revised,,1,,
ILO:DF_EMP_TEMP_SEX_OCU_NB(1.0),MDG,A,EMP_TEMP_NB,SEX_T,OCU_ISCO88_1,2012,54.417,B,NB,PS,3,LFS - Enquête Nationale sur l'Emploi et le Secteur Informel,Repository: ILO-STATISTICS - Micro data processing,Break in series: Methodology revised,,1,,
ILO:DF_EMP_TEMP_SEX_OCU_NB(1.0),MDG,A,EMP_TEMP_NB,SEX_T,OCU_ISCO88_2,2012,213.301,B,NB,PS,3,LFS - Enquête Nationale sur l'Emploi et le Secteur Informel,Repository: ILO-STATISTICS - Micro data processing,Break in series: Methodology revised,,1,,
ILO:DF_EMP_TEMP_SEX_OCU_NB(1.0),MDG,A,EMP_TEMP_NB,SEX_T,OCU_ISCO88_3,2012,101.778,B,NB,PS,3,LFS - Enquête Nationale sur l'Emploi et le Secteur Informel,Repository: ILO-STATISTICS - Micro data processing,Break in series: Methodology revised,,1,,
ILO:DF_EMP_TEMP_SEX_OCU_NB(1.0),MDG,A,EMP_TEMP_NB,SEX_T,OCU_ISCO88_4,2012,56.319,B,NB,PS,3,LFS - Enquête Nationale sur l'Emploi et le Secteur Informel,Repository: ILO-STATISTICS - Micro data processing,Break in series: Methodology revised,,1,,
ILO:DF_EMP_TEMP_SEX_OCU_NB(1.0),MDG,A,EMP_TEMP_NB,SEX_T,OCU_ISCO88_5,2012,809.495,B,NB,PS,3,LFS - Enquête Nationale sur l'Emploi et le Secteur Informel,Repository: ILO-STATISTICS - Micro data processing,Break in series: Methodology revised,,1,,
ILO:DF_EMP_TEMP_SEX_OCU_NB(1.0),MDG,A,EMP_TEMP_NB,SEX_T,OCU_ISCO88_6,2012,3204.188,B,NB,PS,3,LFS - Enquête Nationale sur l'Emploi et le Secteur Informel,Repository: ILO-STATISTICS - Micro data processing,Break in series: Methodology revised,,1,,
ILO:DF_EMP_TEMP_SEX_OCU_NB(1.0),MDG,A,EMP_TEMP_NB,SEX_T,OCU_ISCO88_7,2012,607.679,B,NB,PS,3,LFS - Enquête Nationale sur l'Emploi et le Secteur Informel,Repository: ILO-STATISTICS - Micro data processing,Break in series: Methodology revised,,1,,
ILO:DF_EMP_TEMP_SEX_OCU_NB(1.0),MDG,A,EMP_TEMP_NB,SEX_T,OCU_ISCO88_8,2012,118.293,B,NB,PS,3,LFS - Enquête Nationale sur l'Emploi et le Secteur Informel,Repository: ILO-STATISTICS - Micro data processing,Break in series: Methodology revised,,1,,
ILO:DF_EMP_TEMP_SEX_OCU_NB(1.0),MDG,A,EMP_TEMP_NB,SEX_T,OCU_ISCO88_9,2012,4336.69,B,NB,PS,3,LFS - Enquête Nationale sur l'Emploi et le Secteur Informel,Repository: ILO-STATISTICS - Micro data processing,Break in series: Methodology revised,,1,,
ILO:DF_EMP_TEMP_SEX_OCU_NB(1.0),MDG,A,EMP_TEMP_NB,SEX_T,OCU_ISCO88_0,2012,24.208,B,NB,PS,3,LFS - Enquête Nationale sur l'Emploi et le Secteur Informel,Repository: ILO-STATISTICS - Micro data processing,Break in series: Methodology revised,,1,,
ILO:DF_EMP_TEMP_SEX_OCU_NB(1.0),MDG,A,EMP_TEMP_NB,SEX_T,OCU_ISCO88_X,2012,683.656,B,NB,PS,3,LFS - Enquête Nationale sur l'Emploi et le Secteur Informel,Repository: ILO-STATISTICS - Micro data processing,Break in series: Methodology revised,,1,,
ILO:DF_EMP_TEMP_SEX_OCU_NB(1.0),MDG,A,EMP_TEMP_NB,SEX_T,OCU_SKILL_TOTAL,2015,11051.797,,NB,PS,3,LFS - Enquête Nationale sur l'Emploi et le Secteur Informel,Repository: ILO-STATISTICS - Micro data processing,,,1,,
ILO:DF_EMP_TEMP_SEX_OCU_NB(1.0),MDG,A,EMP_TEMP_NB,SEX_T,OCU_SKILL_L3-4,2015,404.85,,NB,PS,3,LFS - Enquête Nationale sur l'Emploi et le Secteur Informel,Repository: ILO-STATISTICS - Micro data processing,,,1,,
ILO:DF_EMP_TEMP_SEX_OCU_NB(1.0),MDG,A,EMP_TEMP_NB,SEX_T,OCU_SKILL_L2,2015,5527.431,,NB,PS,3,LFS - Enquête Nationale sur l'Emploi et le Secteur Informel,Repository: ILO-STATISTICS - Micro data processing,,,1,,
ILO:DF_EMP_TEMP_SEX_OCU_NB(1.0),MDG,A,EMP_TEMP_NB,SEX_T,OCU_SKILL_L1,2015,5081.767,,NB,PS,3,LFS - Enquête Nationale sur l'Emploi et le Secteur Informel,Repository: ILO-STATISTICS - Micro data processing,,,1,,
ILO:DF_EMP_TEMP_SEX_OCU_NB(1.0),MDG,A,EMP_TEMP_NB,SEX_T,OCU_SKILL_X,2015,37.749,,NB,PS,3,LFS - Enquête Nationale sur l'Emploi et le Secteur Informel,Repository: ILO-STATISTICS - Micro data processing,,,1,,
ILO:DF_EMP_TEMP_SEX_OCU_NB(1.0),MDG,A,EMP_TEMP_NB,SEX_T,OCU_ISCO08_TOTAL,2015,11051.797,,NB,PS,3,LFS - Enquête Nationale sur l'Emploi et le Secteur Informel,Repository: ILO-STATISTICS - Micro data processing,,,1,,
ILO:DF_EMP_TEMP_SEX_OCU_NB(1.0),MDG,A,EMP_TEMP_NB,SEX_T,OCU_ISCO08_1,2015,83.417,,NB,PS,3,LFS - Enquête Nationale sur l'Emploi et le Secteur Informel,Repository: ILO-STATISTICS - Micro data processing,,,1,,
ILO:DF_EMP_TEMP_SEX_OCU_NB(1.0),MDG,A,EMP_TEMP_NB,SEX_T,OCU_ISCO08_2,2015,226.665,,NB,PS,3,LFS - Enquête Nationale sur l'Emploi et le Secteur Informel,Repository: ILO-STATISTICS - Micro data processing,,,1,,
ILO:DF_EMP_TEMP_SEX_OCU_NB(1.0),MDG,A,EMP_TEMP_NB,SEX_T,OCU_ISCO08_3,2015,94.768,,NB,PS,3,LFS - Enquête Nationale sur l'Emploi et le Secteur Informel,Repository: ILO-STATISTICS - Micro data processing,,,1,,
ILO:DF_EMP_TEMP_SEX_OCU_NB(1.0),MDG,A,EMP_TEMP_NB,SEX_T,OCU_ISCO08_4,2015,76.225,,NB,PS,3,LFS - Enquête Nationale sur l'Emploi et le Secteur Informel,Repository: ILO-STATISTICS - Micro data processing,,,1,,
ILO:DF_EMP_TEMP_SEX_OCU_NB(1.0),MDG,A,EMP_TEMP_NB,SEX_T,OCU_ISCO08_5,2015,732.282,,NB,PS,3,LFS - Enquête Nationale sur l'Emploi et le Secteur Informel,Repository: ILO-STATISTICS - Micro data processing,,,1,,
ILO:DF_EMP_TEMP_SEX_OCU_NB(1.0),MDG,A,EMP_TEMP_NB,SEX_T,OCU_ISCO08_6,2015,3627.297,,NB,PS,3,LFS - Enquête Nationale sur l'Emploi et le Secteur Informel,Repository: ILO-STATISTICS - Micro data processing,,,1,,
ILO:DF_EMP_TEMP_SEX_OCU_NB(1.0),MDG,A,EMP_TEMP_NB,SEX_T,OCU_ISCO08_7,2015,922.898,,NB,PS,3,LFS - Enquête Nationale sur l'Emploi et le Secteur Informel,Repository: ILO-STATISTICS - Micro data processing,,,1,,
ILO:DF_EMP_TEMP_SEX_OCU_NB(1.0),MDG,A,EMP_TEMP_NB,SEX_T,OCU_ISCO08_8,2015,168.729,,NB,PS,3,LFS - Enquête Nationale sur l'Emploi et le Secteur Informel,Repository: ILO-STATISTICS - Micro data processing,,,1,,
ILO:DF_EMP_TEMP_SEX_OCU_NB(1.0),MDG,A,EMP_TEMP_NB,SEX_T,OCU_ISCO08_9,2015,5081.767,,NB,PS,3,LFS - Enquête Nationale sur l'Emploi et le Secteur Informel,Repository: ILO-STATISTICS - Micro data processing,,,1,,
ILO:DF_EMP_TEMP_SEX_OCU_NB(1.0),MDG,A,EMP_TEMP_NB,SEX_T,OCU_ISCO08_0,2015,37.749,,NB,PS,3,LFS - Enquête Nationale sur l'Emploi et le Secteur Informel,Repository: ILO-STATISTICS - Micro data processing,,,1,,
ILO:DF_EMP_TEMP_SEX_OCU_NB(1.0),MDG,A,EMP_TEMP_NB,SEX_T,OCU_SKILL_TOTAL,2001,6957.642,B,NB,PS,3,HS - Enquête périodique auprès des Ménages,Repository: ILO-STATISTICS - Micro data processing,Break in series: Methodology revised,,1,,
ILO:DF_EMP_TEMP_SEX_OCU_NB(1.0),MDG,A,EMP_TEMP_NB,SEX_T,OCU_SKILL_L3-4,2001,311.269,B,NB,PS,3,HS - Enquête périodique auprès des Ménages,Repository: ILO-STATISTICS - Micro data processing,Break in series: Methodology revised,,1,,
ILO:DF_EMP_TEMP_SEX_OCU_NB(1.0),MDG,A,EMP_TEMP_NB,SEX_T,OCU_SKILL_L2,2001,5966.702,B,NB,PS,3,HS - Enquête périodique auprès des Ménages,Repository: ILO-STATISTICS - Micro data processing,Break in series: Methodology revised,,1,,
ILO:DF_EMP_TEMP_SEX_OCU_NB(1.0),MDG,A,EMP_TEMP_NB,SEX_T,OCU_SKILL_L1,2001,625.174,B,NB,PS,3,HS - Enquête périodique auprès des Ménages,Repository: ILO-STATISTICS - Micro data processing,Break in series: Methodology revised,,1,,
ILO:DF_EMP_TEMP_SEX_OCU_NB(1.0),MDG,A,EMP_TEMP_NB,SEX_T,OCU_SKILL_X,2001,54.497,B,NB,PS,3,HS - Enquête périodique auprès des Ménages,Repository: ILO-STATISTICS - Micro data processing,Break in series: Methodology revised,,1,,
ILO:DF_EMP_TEMP_SEX_OCU_NB(1.0),MDG,A,EMP_TEMP_NB,SEX_T,OCU_ISCO88_TOTAL,2001,6957.642,B,NB,PS,3,HS - Enquête périodique auprès des Ménages,Repository: ILO-STATISTICS - Micro data processing,Break in series: Methodology revised,,1,,
ILO:DF_EMP_TEMP_SEX_OCU_NB(1.0),MDG,A,EMP_TEMP_NB,SEX_T,OCU_ISCO88_1,2001,63.929,B,NB,PS,3,HS - Enquête périodique auprès des Ménages,Repository: ILO-STATISTICS - Micro data processing,Break in series: Methodology revised,,1,,
ILO:DF_EMP_TEMP_SEX_OCU_NB(1.0),MDG,A,EMP_TEMP_NB,SEX_T,OCU_ISCO88_2,2001,147.77,B,NB,PS,3,HS - Enquête périodique auprès des Ménages,Repository: ILO-STATISTICS - Micro data processing,Break in series: Methodology revised,,1,,
ILO:DF_EMP_TEMP_SEX_OCU_NB(1.0),MDG,A,EMP_TEMP_NB,SEX_T,OCU_ISCO88_3,2001,99.57,B,NB,PS,3,HS - Enquête périodique auprès des Ménages,Repository: ILO-STATISTICS - Micro data processing,Break in series: Methodology revised,,1,,
ILO:DF_EMP_TEMP_SEX_OCU_NB(1.0),MDG,A,EMP_TEMP_NB,SEX_T,OCU_ISCO88_4,2001,105.741,B,NB,PS,3,HS - Enquête périodique auprès des Ménages,Repository: ILO-STATISTICS - Micro data processing,Break in series: Methodology revised,,1,,
ILO:DF_EMP_TEMP_SEX_OCU_NB(1.0),MDG,A,EMP_TEMP_NB,SEX_T,OCU_ISCO88_5,2001,397.419,B,NB,PS,3,HS - Enquête périodique auprès des Ménages,Repository: ILO-STATISTICS - Micro data processing,Break in series: Methodology revised,,1,,
ILO:DF_EMP_TEMP_SEX_OCU_NB(1.0),MDG,A,EMP_TEMP_NB,SEX_T,OCU_ISCO88_6,2001,4872.078,B,NB,PS,3,HS - Enquête périodique auprès des Ménages,Repository: ILO-STATISTICS - Micro data processing,Break in series: Methodology revised,,1,,
ILO:DF_EMP_TEMP_SEX_OCU_NB(1.0),MDG,A,EMP_TEMP_NB,SEX_T,OCU_ISCO88_7,2001,460.894,B,NB,PS,3,HS - Enquête périodique auprès des Ménages,Repository: ILO-STATISTICS - Micro data processing,Break in series: Methodology revised,,1,,
ILO:DF_EMP_TEMP_SEX_OCU_NB(1.0),MDG,A,EMP_TEMP_NB,SEX_T,OCU_ISCO88_8,2001,130.57,B,NB,PS,3,HS - Enquête périodique auprès des Ménages,Repository: ILO-STATISTICS - Micro data processing,Break in series: Methodology revised,,1,,
ILO:DF_EMP_TEMP_SEX_OCU_NB(1.0),MDG,A,EMP_TEMP_NB,SEX_T,OCU_ISCO88_9,2001,625.174,B,NB,PS,3,HS - Enquête périodique auprès des Ménages,Repository: ILO-STATISTICS - Micro data processing,Break in series: Methodology revised,,1,,
ILO:DF_EMP_TEMP_SEX_OCU_NB(1.0),MDG,A,EMP_TEMP_NB,SEX_T,OCU_ISCO88_X,2001,54.497,B,NB,PS,3,HS - Enquête périodique auprès des Ménages,Repository: ILO-STATISTICS - Micro data processing,Break in series: Methodology revised,,1,,
ILO:DF_EMP_TEMP_SEX_OCU_NB(1.0),MDG,A,EMP_TEMP_NB,SEX_T,OCU_SKILL_TOTAL,2005,9570.397,,NB,PS,3,HS - Enquête périodique auprès des Ménages,Population coverage: Excluding armed forces and/or conscripts | Age coverage - minimum age: Less than or equal to 9 years old,,,1,,
ILO:DF_EMP_TEMP_SEX_OCU_NB(1.0),MDG,A,EMP_TEMP_NB,SEX_T,OCU_SKILL_L3-4,2005,225.451,,NB,PS,3,HS - Enquête périodique auprès des Ménages,Population coverage: Excluding armed forces and/or conscripts | Age coverage - minimum age: Less than or equal to 9 years old,,,1,,
ILO:DF_EMP_TEMP_SEX_OCU_NB(1.0),MDG,A,EMP_TEMP_NB,SEX_T,OCU_SKILL_L2,2005,8678.968,,NB,PS,3,HS - Enquête périodique auprès des Ménages,Population coverage: Excluding armed forces and/or conscripts | Age coverage - minimum age: Less than or equal to 9 years old,,,1,,
ILO:DF_EMP_TEMP_SEX_OCU_NB(1.0),MDG,A,EMP_TEMP_NB,SEX_T,OCU_SKILL_L1,2005,628.304,,NB,PS,3,HS - Enquête périodique auprès des Ménages,Population coverage: Excluding armed forces and/or conscripts | Age coverage - minimum age: Less than or equal to 9 years old,,,1,,
ILO:DF_EMP_TEMP_SEX_OCU_NB(1.0),MDG,A,EMP_TEMP_NB,SEX_T,OCU_ISCO88_TOTAL,2005,9570.397,,NB,PS,3,HS - Enquête périodique auprès des Ménages,Population coverage: Excluding armed forces and/or conscripts | Age coverage - minimum age: Less than or equal to 9 years old,,,1,,
ILO:DF_EMP_TEMP_SEX_OCU_NB(1.0),MDG,A,EMP_TEMP_NB,SEX_T,OCU_ISCO88_1,2005,21.232,,NB,PS,3,HS - Enquête périodique auprès des Ménages,Population coverage: Excluding armed forces and/or conscripts | Age coverage - minimum age: Less than or equal to 9 years old,,,1,,
ILO:DF_EMP_TEMP_SEX_OCU_NB(1.0),MDG,A,EMP_TEMP_NB,SEX_T,OCU_ISCO88_2,2005,146.464,,NB,PS,3,HS - Enquête périodique auprès des Ménages,Population coverage: Excluding armed forces and/or conscripts | Age coverage - minimum age: Less than or equal to 9 years old,,,1,,
ILO:DF_EMP_TEMP_SEX_OCU_NB(1.0),MDG,A,EMP_TEMP_NB,SEX_T,OCU_ISCO88_3,2005,57.755,,NB,PS,3,HS - Enquête périodique auprès des Ménages,Population coverage: Excluding armed forces and/or conscripts | Age coverage - minimum age: Less than or equal to 9 years old,,,1,,
ILO:DF_EMP_TEMP_SEX_OCU_NB(1.0),MDG,A,EMP_TEMP_NB,SEX_T,OCU_ISCO88_4,2005,70.656,,NB,PS,3,HS - Enquête périodique auprès des Ménages,Population coverage: Excluding armed forces and/or conscripts | Age coverage - minimum age: Less than or equal to 9 years old,,,1,,
ILO:DF_EMP_TEMP_SEX_OCU_NB(1.0),MDG,A,EMP_TEMP_NB,SEX_T,OCU_ISCO88_5,2005,442.595,,NB,PS,3,HS - Enquête périodique auprès des Ménages,Population coverage: Excluding armed forces and/or conscripts | Age coverage - minimum age: Less than or equal to 9 years old,,,1,,
ILO:DF_EMP_TEMP_SEX_OCU_NB(1.0),MDG,A,EMP_TEMP_NB,SEX_T,OCU_ISCO88_6,2005,7575.415,,NB,PS,3,HS - Enquête périodique auprès des Ménages,Population coverage: Excluding armed forces and/or conscripts | Age coverage - minimum age: Less than or equal to 9 years old,,,1,,
ILO:DF_EMP_TEMP_SEX_OCU_NB(1.0),MDG,A,EMP_TEMP_NB,SEX_T,OCU_ISCO88_7,2005,491.502,,NB,PS,3,HS - Enquête périodique auprès des Ménages,Population coverage: Excluding armed forces and/or conscripts | Age coverage - minimum age: Less than or equal to 9 years old,,,1,,
ILO:DF_EMP_TEMP_SEX_OCU_NB(1.0),MDG,A,EMP_TEMP_NB,SEX_T,OCU_ISCO88_8,2005,98.8,,NB,PS,3,HS - Enquête périodique auprès des Ménages,Population coverage: Excluding armed forces and/or conscripts | Age coverage - minimum age: Less than or equal to 9 years old,,,1,,
ILO:DF_EMP_TEMP_SEX_OCU_NB(1.0),MDG,A,EMP_TEMP_NB,SEX_T,OCU_ISCO88_9,2005,628.304,,NB,PS,3,HS - Enquête périodique auprès des Ménages,Population coverage: Excluding armed forces and/or conscripts | Age coverage - minimum age: Less than or equal to 9 years old,,,1,,
ILO:DF_EMP_TEMP_SEX_OCU_NB(1.0),MDG,A,EMP_TEMP_NB,SEX_T,OCU_ISCO88_0,2005,37.674,,NB,PS,3,HS - Enquête périodique auprès des Ménages,Population coverage: Excluding armed forces and/or conscripts | Age coverage - minimum age: Less than or equal to 9 years old,,,1,,
ILO:DF_EMP_TEMP_SEX_OCU_NB(1.0),MDG,A,EMP_TEMP_NB,SEX_T,OCU_SKILL_TOTAL,2010,10254.801,,NB,PS,3,HS - Enquête périodique auprès des Ménages,Data reference period: Fourth quarter | Age coverage - minimum age: Less than or equal to 9 years old,,,1,,
ILO:DF_EMP_TEMP_SEX_OCU_NB(1.0),MDG,A,EMP_TEMP_NB,SEX_T,OCU_SKILL_L3-4,2010,292.266,,NB,PS,3,HS - Enquête périodique auprès des Ménages,Data reference period: Fourth quarter | Age coverage - minimum age: Less than or equal to 9 years old,,,1,,
ILO:DF_EMP_TEMP_SEX_OCU_NB(1.0),MDG,A,EMP_TEMP_NB,SEX_T,OCU_SKILL_L2,2010,9228.207,,NB,PS,3,HS - Enquête périodique auprès des Ménages,Data reference period: Fourth quarter | Age coverage - minimum age: Less than or equal to 9 years old,,,1,,
ILO:DF_EMP_TEMP_SEX_OCU_NB(1.0),MDG,A,EMP_TEMP_NB,SEX_T,OCU_SKILL_L1,2010,697.168,,NB,PS,3,HS - Enquête périodique auprès des Ménages,Data reference period: Fourth quarter | Age coverage - minimum age: Less than or equal to 9 years old,,,1,,
ILO:DF_EMP_TEMP_SEX_OCU_NB(1.0),MDG,A,EMP_TEMP_NB,SEX_T,OCU_ISCO08_TOTAL,2010,10254.801,,NB,PS,3,HS - Enquête périodique auprès des Ménages,Data reference period: Fourth quarter | Age coverage - minimum age: Less than or equal to 9 years old,,,1,,
ILO:DF_EMP_TEMP_SEX_OCU_NB(1.0),MDG,A,EMP_TEMP_NB,SEX_T,OCU_ISCO08_1,2010,45.577,,NB,PS,3,HS - Enquête périodique auprès des Ménages,Data reference period: Fourth quarter | Age coverage - minimum age: Less than or equal to 9 years old,,,1,,
ILO:DF_EMP_TEMP_SEX_OCU_NB(1.0),MDG,A,EMP_TEMP_NB,SEX_T,OCU_ISCO08_2,2010,182.449,,NB,PS,3,HS - Enquête périodique auprès des Ménages,Data reference period: Fourth quarter | Age coverage - minimum age: Less than or equal to 9 years old,,,1,,
ILO:DF_EMP_TEMP_SEX_OCU_NB(1.0),MDG,A,EMP_TEMP_NB,SEX_T,OCU_ISCO08_3,2010,64.24,,NB,PS,3,HS - Enquête périodique auprès des Ménages,Data reference period: Fourth quarter | Age coverage - minimum age: Less than or equal to 9 years old,,,1,,
ILO:DF_EMP_TEMP_SEX_OCU_NB(1.0),MDG,A,EMP_TEMP_NB,SEX_T,OCU_ISCO08_4,2010,58.091,,NB,PS,3,HS - Enquête périodique auprès des Ménages,Data reference period: Fourth quarter | Age coverage - minimum age: Less than or equal to 9 years old,,,1,,
ILO:DF_EMP_TEMP_SEX_OCU_NB(1.0),MDG,A,EMP_TEMP_NB,SEX_T,OCU_ISCO08_5,2010,533.758,,NB,PS,3,HS - Enquête périodique auprès des Ménages,Data reference period: Fourth quarter | Age coverage - minimum age: Less than or equal to 9 years old,,,1,,
ILO:DF_EMP_TEMP_SEX_OCU_NB(1.0),MDG,A,EMP_TEMP_NB,SEX_T,OCU_ISCO08_6,2010,7999.521,,NB,PS,3,HS - Enquête périodique auprès des Ménages,Data reference period: Fourth quarter | Age coverage - minimum age: Less than or equal to 9 years old,,,1,,
ILO:DF_EMP_TEMP_SEX_OCU_NB(1.0),MDG,A,EMP_TEMP_NB,SEX_T,OCU_ISCO08_7,2010,543.587,,NB,PS,3,HS - Enquête périodique auprès des Ménages,Data reference period: Fourth quarter | Age coverage - minimum age: Less than or equal to 9 years old,,,1,,
ILO:DF_EMP_TEMP_SEX_OCU_NB(1.0),MDG,A,EMP_TEMP_NB,SEX_T,OCU_ISCO08_8,2010,93.25,,NB,PS,3,HS - Enquête périodique auprès des Ménages,Data reference period: Fourth quarter | Age coverage - minimum age: Less than or equal to 9 years old,,,1,,
ILO:DF_EMP_TEMP_SEX_OCU_NB(1.0),MDG,A,EMP_TEMP_NB,SEX_T,OCU_ISCO08_9,2010,697.168,,NB,PS,3,HS - Enquête périodique auprès des Ménages,Data reference period: Fourth quarter | Age coverage - minimum age: Less than or equal to 9 years old,,,1,,
ILO:DF_EMP_TEMP_SEX_OCU_NB(1.0),MDG,A,EMP_TEMP_NB,SEX_T,OCU_ISCO08_0,2010,37.16,,NB,PS,3,HS - Enquête périodique auprès des Ménages,Data reference period: Fourth quarter | Age coverage - minimum age: Less than or equal to 9 years old,,,1,,
ILO:DF_EMP_TEMP_SEX_OCU_NB(1.0),MDG,A,EMP_TEMP_NB,SEX_T,OCU_SKILL_TOTAL,2022,11880.074,B,NB,PS,3,HS - Enquête périodique auprès des Ménages,Repository: ILO-STATISTICS - Micro data processing,Break in series: Methodology revised,,1,,
ILO:DF_EMP_TEMP_SEX_OCU_NB(1.0),MDG,A,EMP_TEMP_NB,SEX_T,OCU_SKILL_L3-4,2022,497.305,B,NB,PS,3,HS - Enquête périodique auprès des Ménages,Repository: ILO-STATISTICS - Micro data processing,Break in series: Methodology revised,,1,,
ILO:DF_EMP_TEMP_SEX_OCU_NB(1.0),MDG,A,EMP_TEMP_NB,SEX_T,OCU_SKILL_L2,2022,8335.617,B,NB,PS,3,HS - Enquête périodique auprès des Ménages,Repository: ILO-STATISTICS - Micro data processing,Break in series: Methodology revised,,1,,
ILO:DF_EMP_TEMP_SEX_OCU_NB(1.0),MDG,A,EMP_TEMP_NB,SEX_T,OCU_SKILL_L1,2022,3001.112,B,NB,PS,3,HS - Enquête périodique auprès des Ménages,Repository: ILO-STATISTICS - Micro data processing,Break in series: Methodology revised,,1,,
ILO:DF_EMP_TEMP_SEX_OCU_NB(1.0),MDG,A,EMP_TEMP_NB,SEX_T,OCU_SKILL_X,2022,46.039,B,NB,PS,3,HS - Enquête périodique auprès des Ménages,Repository: ILO-STATISTICS - Micro data processing,Break in series: Methodology revised,,1,,
ILO:DF_EMP_TEMP_SEX_OCU_NB(1.0),MDG,A,EMP_TEMP_NB,SEX_T,OCU_ISCO08_TOTAL,2022,11880.074,B,NB,PS,3,HS - Enquête périodique auprès des Ménages,Repository: ILO-STATISTICS - Micro data processing,Break in series: Methodology revised,,1,,
ILO:DF_EMP_TEMP_SEX_OCU_NB(1.0),MDG,A,EMP_TEMP_NB,SEX_T,OCU_ISCO08_1,2022,57.266,B,NB,PS,3,HS - Enquête périodique auprès des Ménages,Repository: ILO-STATISTICS - Micro data processing,Break in series: Methodology revised,,1,,
ILO:DF_EMP_TEMP_SEX_OCU_NB(1.0),MDG,A,EMP_TEMP_NB,SEX_T,OCU_ISCO08_2,2022,290.553,B,NB,PS,3,HS - Enquête périodique auprès des Ménages,Repository: ILO-STATISTICS - Micro data processing,Break in series: Methodology revised,,1,,
ILO:DF_EMP_TEMP_SEX_OCU_NB(1.0),MDG,A,EMP_TEMP_NB,SEX_T,OCU_ISCO08_3,2022,149.486,B,NB,PS,3,HS - Enquête périodique auprès des Ménages,Repository: ILO-STATISTICS - Micro data processing,Break in series: Methodology revised,,1,,
ILO:DF_EMP_TEMP_SEX_OCU_NB(1.0),MDG,A,EMP_TEMP_NB,SEX_T,OCU_ISCO08_4,2022,104.673,B,NB,PS,3,HS - Enquête périodique auprès des Ménages,Repository: ILO-STATISTICS - Micro data processing,Break in series: Methodology revised,,1,,
ILO:DF_EMP_TEMP_SEX_OCU_NB(1.0),MDG,A,EMP_TEMP_NB,SEX_T,OCU_ISCO08_5,2022,757.97,B,NB,PS,3,HS - Enquête périodique auprès des Ménages,Repository: ILO-STATISTICS - Micro data processing,Break in series: Methodology revised,,1,,
ILO:DF_EMP_TEMP_SEX_OCU_NB(1.0),MDG,A,EMP_TEMP_NB,SEX_T,OCU_ISCO08_6,2022,6244.689,B,NB,PS,3,HS - Enquête périodique auprès des Ménages,Repository: ILO-STATISTICS - Micro data processing,Break in series: Methodology revised,,1,,
ILO:DF_EMP_TEMP_SEX_OCU_NB(1.0),MDG,A,EMP_TEMP_NB,SEX_T,OCU_ISCO08_7,2022,1071.279,B,NB,PS,3,HS - Enquête périodique auprès des Ménages,Repository: ILO-STATISTICS - Micro data processing,Break in series: Methodology revised,,1,,
ILO:DF_EMP_TEMP_SEX_OCU_NB(1.0),MDG,A,EMP_TEMP_NB,SEX_T,OCU_ISCO08_8,2022,157.006,B,NB,PS,3,HS - Enquête périodique auprès des Ménages,Repository: ILO-STATISTICS - Micro data processing,Break in series: Methodology revised,,1,,
ILO:DF_EMP_TEMP_SEX_OCU_NB(1.0),MDG,A,EMP_TEMP_NB,SEX_T,OCU_ISCO08_9,2022,3001.112,B,NB,PS,3,HS - Enquête périodique auprès des Ménages,Repository: ILO-STATISTICS - Micro data processing,Break in series: Methodology revised,,1,,
ILO:DF_EMP_TEMP_SEX_OCU_NB(1.0),MDG,A,EMP_TEMP_NB,SEX_T,OCU_ISCO08_0,2022,21.369,B,NB,PS,3,HS - Enquête périodique auprès des Ménages,Repository: ILO-STATISTICS - Micro data processing,Break in series: Methodology revised,,1,,
ILO:DF_EMP_TEMP_SEX_OCU_NB(1.0),MDG,A,EMP_TEMP_NB,SEX_T,OCU_ISCO08_X,2022,24.67,B,NB,PS,3,HS - Enquête périodique auprès des Ménages,Repository: ILO-STATISTICS - Micro data processing,Break in series: Methodology revised,,1,,
