"iso3","substexp_formal_services","substexp_informal_services"
"AFG",0.0847869528468752,0.13151942984145
"AGO",0.153265127963279,0.187286279467651
"ARE",0.267148573122088,0.310990872141475
"ARG",0.22842624234757,0.273696885318403
"AUS",0.259649271870347,0.329044288897814
"AUT",0.22825874293844,0.323492949482584
"AZE",0.242197384700039,0.287020166485176
"BDI",0.0749163946512839,0.0916687397153986
"BEL",0.253298083781631,0.335777536299237
"BEN",0.134744496107109,0.149448069884408
"BFA",0.0924705292476254,0.122692768735594
"BGD",0.163933510846996,0.176191529167632
"BGR",0.244461003659974,0.292382279758862
"BLR",0.247096495093037,0.298970311205842
"BOL",0.15201258333737,0.193721601705363
"BRA",0.243586442910521,0.318471331640254
"CAN",0.271225163380757,0.325087920551044
"CHE",0.240836732858374,0.314864449305329
"CHL",0.24363749151015,0.317084657145601
"CHN",0.310340022820351,0.383952434920248
"CIV",0.150985394102821,0.185303219532442
"CMR",0.119736637728355,0.159095725097456
"COD",0.0762179911549739,0.0992521118435366
"COG",0.112198948820941,0.132009425642509
"COL",0.204699274245698,0.28539665762526
"CRI",0.242705745545512,0.284509504286712
"CUB",0.14459678041721,0.172659497057729
"CZE",0.231922995735335,0.306965442603635
"DEU",0.232196710313833,0.336530779403137
"DNK",0.276601195886396,0.365251677664549
"DOM",0.216296005771505,0.26989779877409
"DZA",0.200422279391946,0.239896793582262
"ECU",0.212160592944256,0.26214041256615
"EGY",0.213501976547811,0.245401661843653
"ESP",0.241614885637127,0.299353542564257
"ETH",0.10868964485156,0.151703293837111
"FIN",0.253691837994559,0.359157161444956
"FRA",0.240445015365728,0.323710636329568
"GBR",0.249723475556486,0.341221994301156
"GHA",0.117979587828018,0.146801398976759
"GIN",0.0800976155655879,0.121238203407013
"GRC",0.247981563175482,0.302105920918341
"GTM",0.173813258515597,0.196957815732719
"HKG",0.257456172189741,0.314876072893602
"HND",0.176935372462174,0.21828744446973
"HRV",0.250998059031665,0.328766414696926
"HTI",0.0910582893559228,0.121288433229689
"HUN",0.234502452241527,0.287415792879438
"IDN",0.200007337350009,0.257816752964633
"IND",0.223702245023885,0.245766716002473
"IRL",0.249798577941459,0.333362921748441
"IRN",0.198870749298537,0.252044975954993
"IRQ",0.154650490021353,0.211595886990568
"ISR",0.253092229273426,0.324572272037471
"ITA",0.236950018179221,0.309578648600183
"JOR",0.212056143372713,0.259073617260477
"JPN",0.255711984990657,0.3565460661258
"KAZ",0.229724235257843,0.281046886042074
"KEN",0.155332168590236,0.190566103999518
"KGZ",0.191939074308012,0.209919519639549
"KHM",0.161143568709665,0.173438127892582
"KOR",0.271912713083128,0.336617169626756
"KWT",0.263035585351865,0.287151560202449
"LAO",0.152236212229907,0.150589143614581
"LBY",0.166326157289522,0.185396653935272
"LKA",0.194705972978448,0.231618501212787
"MAR",0.180975536298703,0.233077914091013
"MDG",0.103241702961365,0.147353127833684
"MEX",0.218755516034723,0.285432705210131
"MLI",0.100156483854204,0.124410605938293
"MMR",0.150922480634833,0.176289936077089
"MOZ",0.119407543549322,0.149546657525993
"MWI",0.0914740391974011,0.11891043843998
"MYS",0.227138541385268,0.277069978067548
"NER",0.0629834402534172,0.114618859216355
"NGA",0.151480277217219,0.187816377330996
"NIC",0.180933628321624,0.193092569512591
"NLD",0.255703817135694,0.328883090680718
"NOR",0.265389447510172,0.317400042039292
"NPL",0.126307954210482,0.157561338476403
"NZL",0.236285362253507,0.30780655738875
"OMN",0.254094000864824,0.288710991740917
"PAK",0.157069392102339,0.219486368990627
"PER",0.194504161812061,0.263077508688739
"PHL",0.200171324598703,0.238507496403146
"PNG",0.0998383973520256,0.121266603538577
"POL",0.246651805059946,0.290142289753005
"PRI",0.252016705256285,0.333059777200772
"PRT",0.224807998761763,0.313980247352869
"PRY",0.207398349251214,0.247367489812566
"QAT",0.220141665449815,0.296562925836873
"ROU",0.231987278961522,0.315789061282815
"RUS",0.255284648591821,0.308851424944263
"RWA",0.143515973278802,0.138689315744044
"SAU",0.25641512097226,0.295745621261596
"SDN",0.113812868009248,0.152038908682316
"SEN",0.131829934254883,0.14834414897797
"SGP",0.278815189686343,0.365826238393236
"SLE",0.0898467916975753,0.0912711345148384
"SLV",0.22521683848845,0.261665051298364
"SOM",0.0948382876642608,0.115815254162218
"SRB",0.235607336936571,0.298637207801705
"SSD",0.0416857376766294,0.0530355649714046
"SVK",0.259887421373252,0.32043383756026
"SWE",0.267118146493287,0.320504111739042
"SYR",0.115514936801731,0.14941092816347
"TCD",0.070084896215145,0.0851900185098741
"TGO",0.118330836403984,0.150214269036905
"THA",0.218153401771041,0.288178740021367
"TJK",0.171675840962263,0.17026688902178
"TKM",0.197043876893017,0.231426253286175
"TUN",0.210798997335504,0.230069308553395
"TUR",0.257117165498095,0.277284575093708
"TZA",0.131904055492658,0.149540833747324
"UGA",0.11593492701248,0.142313360953789
"UKR",0.231400186375629,0.278602865347947
"USA",0.286061982059934,0.3635662613896
"UZB",0.173168371175482,0.257925019532562
"VEN",0.204493763972462,0.259466757390731
"VNM",0.199406095153053,0.272387205305664
"YEM",0.0975141630880155,0.134238371652309
"ZAF",0.235520671219919,0.28351865020107
"ZMB",0.137011274816147,0.182383772716194
"ZWE",0.155444645392737,0.183894535553844
