"tasco_code","n_workers","isco08_target","submajor_target","method","job_descriptions","reason"
1119,1,1111,"","direct","DIWANI","Ward councillor (diwani), an elected local legislator."
1214,1,1411,"","direct","MSIMAMIZI WA NYUMBA ZA KULALA WAGENI","Guesthouse supervisor. The survey's coders put the same job under 1411 in the matched rows."
1215,2,"",121,"submajor_mean","MANAGER WA LOHANA MAHAJAN; AFISA MIPANGO","Manager of a community association and a planning officer. Group 121 average (1211-1219)."
2345,2,2341,"","direct","KUFUNDISHA; KUFUNDISHA SHULE YA MSINGI","Both respondents teach in primary school."
2349,11,2341,"","direct","MWALIMU WA SHULE YA MSINGI (3); KUFUNDISHA (3); MWALIMU (2); KUFUNDISHA WANAFUNZI; KUFUNDISHA MADRASA; KUFUNDISHA ELIMU YA MSINGI.","Most respondents are primary school teachers; one teaches at a madrasa."
2414,2,3323,"","direct","AFISA MANUNUZI; AFISA UGAVI NA MANUNUZI","Procurement and supply officers. The survey's coders put an office buyer under 3323 in the matched rows."
3129,2,"",312,"submajor_mean","OPERATOR MACHINE.; MSIMAMIZI KATIKA GEREJI","A machine operator and a garage supervisor. Group 312 average (3121-3123)."
3349,2,2422,"","direct","MTENDAJI WA SHEHIA; MTENDAJI WA KATA","Ward and shehia executive officers. The survey's coders put a village executive officer under 2422 in the matched rows."
3611,50,2341,"","direct","MWALIMU SHULE YA MSINGI (16); MWALIMU WA SHULE YA MSINGI (11); MWILIMU SHULE YA MSINGI (2); KUFUNDISHA (2); KUFUNDISHA ELIMU YA MSINGI (2); MWALIMU MSINGI. (2); MWALIMU WA ELIMU YA MSINGI; MWALIMU WA SHULE WA PRIMARY; KUSOMESHA; YA MWALIMU SHULE HA MSINGI; MWALIM MSINGI; MWALIMU; MWALIMU WA SHULE ZA MSINGI; MWALIMU MKUU WA SHULE YA MSINGI; KUFUNDISHA SHULE YA MSINGI; SHUHULI YA USOMESHAJI WANAFUNZI; MWALIMU SM MSINGI; SHULE KUFUNDISHA; KUFUNDISHA MSINGI; MWALIMU WA SHULE YA MSINGI ANAEJITEGEMEA.; KUFUNDISHA WANAFUNZI","Primary school teachers. TASCO files teachers in its own group 36; ISCO-08 files them as professionals (major 2)."
3612,11,2342,"","direct","MWALIMU WA CHEKECHEA (3); MWALIMU CHEKECHEA (2); UFUNDISHAJI WA WATOTO (DAY CARE); MWALIM WA NURSERY; KUSOMESHA SHULE YA CHEKECHEA; MWALIMU WA MAANDALIZI; MWALIMU WA SHULE YA MSINGI; MWALIMU SHULE YA MSINGI","Nursery and pre-school teachers."
3620,17,2330,"","direct","MWALIMU WA SHULE YA SEKONDARI (4); MWALIMU WA SEKONDARI (3); MWALIM WA SKULI (2); MWALIMU WA SHULE YA SEKONDARI RUHANGA; UTOAJI WA ELIMU; SHUHULI YA UWALIMU; ANAFUNDISHA TWISHENI; MWALIMU SHULE YA SEKONDARI; KUFUNDISHA SEKONDARI; MWALIMU SEKONDARI; KUFUNDISHA","Secondary school teachers."
3630,3,2320,"","direct","MWALIMU WA MADRASA; MWALIMU WA CHUO KIKUU; MWALIMU WA CHUO CHA UFUNDI","Vocational and college teachers, and one madrasa teacher."
3640,5,2359,"","direct","MWALIMU WA MADRASA; KUSOMESHA WATOTO ELIMU YA QURAN; UFUNDISHAJI WA WANACHUO; LECTURE; MWALIMU WA MAZOEZI YA VIUNGO","Madrasa and Quran teachers, college lecturers and a physical-training teacher."
4329,2,"",432,"submajor_mean","KUWEKA KUMBUKUMBU; KARANI","Record keepers and clerks. Group 432 average (4321-4323)."
8159,3,8189,"","direct","KUENDESHA MITAMBO(MASHINE); MASHINE OPARETOR; MACHINE OPERATING","Machine operators, trade unstated. 8159 is missing from the exposure file; 8189 is the ISCO-08 residual code for stationary machine operators."
8184,1,8113,"","direct","KUCHIMBA MAFUTA","The respondent drills for oil (kuchimba mafuta)."
8185,1,8189,"","direct","KIBARUA SEHEMU YA KUCHAJI BETRI ZA MITUMBWI","Casual worker at a boat-battery charging point."
9335,19,9333,"","direct","KUBEBA MIZIGO (2); KUPAKIA NA KUSHUSHA MIZIGO (2); KIBARUA KUBEBA MIZIGO; KIBARUA (UBEBAJI WA MIZIGO ); KIBARUA WA KURATIBU USAFIRISHAJI WA PAMBA; KUBEBA MZIGO; KUPAKIA MIZIGO KWENYE MAGARI; KUBEBA MIZIGO (KULI); KUBEBA MIZIGO - KULI; KUPAKUA NA KUPAKIA MBOLEA; KUFUNGA MATURUBAI KATIKA MAGARI YA MIZIGO; KUSAFIRISHA MIZIGO; KUBEBA MIZIGO SOKONI; KUBEBA MAGUNIA YA MPUNGA MASHINENI; KUSHUSHA MIZIGO KWENYE MALORI; KUPAKIA MBAO KWENYE GARI; KUSHUSHA NA KUPAKIA CHUPA KWENYE GARI LA SODA","Loading and carrying freight."
9530,4,9520,"","direct","MUUZA VITAMBAA; KUCHIMBA SHOO; KUUZA VIATU; MUUZA MITUMBA","Street sellers of cloth, shoes and second-hand clothes."
