tasco_code,n_workers,nbs_title,method,isco08_ref,auto_genai,augment_genai,atlas_exposure,reason
1119,1,Senior government administrative other specialised services,submajor_mean,111.0,0.2821845129372411,1.2845892368614102,0.8313281373562962,"NBS title names a senior government administrative role; no single ISCO-08 111x title matches exactly, use the submajor mean (1111-1114)"
1214,1,Business services managers,submajor_mean,121.0,0.502365703515592,1.2950162065071524,1.2393325141305545,"Matches ISCO-08 submajor 121 'Business services and administration managers' as a group; no single 121x title says 'business services' alone (1219 is closest but is itself an NEC catch-all), use the submajor mean"
1215,2,Administrative managers,submajor_mean,121.0,0.502365703515592,1.2950162065071524,1.2393325141305545,"Same submajor as 1214; 'administrative managers' has no exact ISCO-08 unit title, use the submajor mean (1211-1219)"
2345,2,Other arts teachers,direct,2355.0,0.122965694440214,1.295894868994576,0.9483435047951178,Exact ISCO-08 title match: 2355 'Other arts teachers'. TASCO renumbers this into its own 234x block; the ISCO-08 unit is unambiguous
2349,11,Teaching professionals not elsewhere classified,direct,2359.0,0.138157329306053,1.286438385428462,0.7726426799007444,Exact ISCO-08 title match: 2359 'Teaching professionals not elsewhere classified'
2414,2,Procurement and logistics professionals,submajor_mean,242.0,0.42157666758778467,1.3030298754747862,1.3722089478246273,"No ISCO-08 professional-level (24xx) unit named 'procurement'; ISCO-08 puts procurement (Buyers, 3323) at associate-professional level instead. Kept at the NBS-stated submajor 242 'Administration professionals' to preserve major-group comparability rather than reaching down a skill level; LOWER CONFIDENCE, flagged for author review"
3129,2,Other supervisors not elsewhere classified,submajor_mean,312.0,0.1966092033951294,1.275304940134095,1.3748404347076073,"ISCO-08 submajor 312 is 'Mining, manufacturing and construction supervisors' (3121-3123), an exact structural match for a generic 'other supervisors NEC' code; use the submajor mean"
3349,2,"Administrative and executive secretaries, NEC",direct,3343.0,0.7611865861414773,1.3373944209776858,1.879788306451613,Exact ISCO-08 title match: 3343 'Administrative and executive secretaries'
3611,50,Primary school teachers,direct,2341.0,0.083027244381389,1.2548115546681613,0.7006862352234021,"TASCO's own '36 Teaching associate professionals' group does not exist in ISCO-08; ISCO-08 classifies primary teachers as PROFESSIONALS (major 2), not associate professionals (major 3). Exact title match: 2341 'Primary school teachers'. Largest single block of the 139 unmatched workers"
3612,11,Early childhood educators,direct,2342.0,0.054500573456719,1.225312393193715,0.5273448088912984,Same TASCO group-36 issue as 3611; exact ISCO-08 title match: 2342 'Early childhood educators'
3620,17,"Secondary education teachers, associate professionals",direct,2330.0,0.1295165815541989,1.262737171852846,0.7935821063279757,"Same TASCO group-36 issue; nearest ISCO-08 title: 2330 'Secondary education teachers' (ISCO-08 classifies these as professionals, not associate professionals)"
3630,3,"Technical/vocational education teachers, associate professionals",direct,2320.0,0.1105981097666393,1.274370489890173,0.8724535046363218,Same TASCO group-36 issue; nearest ISCO-08 title: 2320 'Vocational education teachers'
3640,5,"Special education teachers, associate professionals",direct,2352.0,0.0887667645589767,1.25763036530821,0.673851701561754,Same TASCO group-36 issue; nearest ISCO-08 title: 2352 'Special needs teachers'
4329,2,"Material recording and transport clerk, not elsewhere classified",submajor_mean,432.0,0.5633582038270228,1.2869488956644437,1.9158210740872033,ISCO-08 submajor 432 'Numerical clerks... material-recording and transport clerks' (4321-4323) is an exact structural match; use the submajor mean
8159,3,"Textile, fur and leather products machine operators not elsewhere classified",none,,,,,"This TASCO code IS a genuine ISCO-08 code with an identical title, but 8159 is simply absent from crosswalks/isco08_to_exposure.csv -- a pre-existing crosswalk-completeness gap unrelated to TASCO, not fixed in this revision. Left unmatched (still dropped) even under the proposed-mapping sensitivity"
8184,1,Power-generating plant operator,direct,8182.0,0.0409638547951807,1.2162313251188432,1.413899430740038,"Nearest ISCO-08 title: 8182 'Power production plant operators' (wording variant, same occupation)"
8185,1,Other power-generating and related plant operators,direct,8189.0,0.0847863809892461,1.1973518759672503,1.616024780126871,'Other ... plant operators' maps to the ISCO-08 NEC catch-all in the same submajor: 8189 'Stationary plant and machine operators not elsewhere classified'
9335,19,Storage labourers,direct,9333.0,0.123897171703966,1.222459863650621,1.414189331646637,Nearest ISCO-08 title: 9333 'Freight handlers' (closest occupational content to generic storage/warehouse labour in submajor 933)
9530,4,Shoe cleaning and other street services,direct,9520.0,0.091357015091357,1.221391911721392,1.0599798387096775,Nearest ISCO-08 title: 9520 'Street and related sales and service workers' (direct content match: informal street-based service work)
