"iso3","country","subst_exp","informal","selfemp_agri","selfemp","gdppc","task_count","share_exposed","ai_route_share","genai_route_share","non_ai_exposed","exp_unit","exp_lsms","exp_lsms_ex"
"AGO","Angola",0.117678352928659,90.765,50.6376494608277,75.6335129762284,10414.2358842987,18797,0.291642283343087,0.130978347608661,0.0764483694206522,0.160663935734426,0.122543419518179,0.0871147143105202,0.0956383277629903
"BDI","Burundi",0.0460179815928074,98.044,81.0288176323704,86.1710620900329,1023.97040626757,18797,0.0942703622918551,0.0323455870617652,0.0236739905304038,0.0619247752300899,0.0868802012876615,0.0498748223914765,0.0650526276294316
"BEN","Benin",0.0867691652923339,96.585,41.4673223633467,83.2333156447452,3041.77929984989,18797,0.246156301537479,0.113369154652338,0.0760227695908922,0.132787146885141,0.114702417330782,0.0810465007881341,0.0889337315511161
"BFA","Burkina Faso",0.0571899771240092,95.093,30.0093013130309,82.8375493785066,2232.28781490944,18797,0.142788742884503,0.0567643772942491,0.0391019843592063,0.0860243655902538,0.113673281597253,0.0805190855871673,0.0885369744338907
"CIV","Cote dIvoire",0.108687556524977,92.819,41.2013946069263,73.9391552924878,5556.11366322898,18797,0.294515082193967,0.141777943288823,0.0837367665052934,0.152737138905144,0.123465868568429,0.0900294343520736,0.0987682268870972
"CMR","Cameroon",0.0932595626961749,87.099,43.1797766770155,73.5477728911829,4767.13186148953,18797,0.245305101877959,0.107836356865457,0.0704899718040113,0.137468745012502,0.165190382138529,0.115044649875452,0.122514076434145
"COD","DR Congo",0.0542639782944087,96.821,59.3412103558408,84.604823452527,1394.76461472893,18797,0.107783156886737,0.0381975847209661,0.0281959887216045,0.0695855721657711,0.110148115667486,0.0707571300602733,0.0844042184407127
"DZA","Algeria",0.153854338458265,NA,NA,31.3239700410104,15073.7629403565,18797,0.433154226738309,0.24759270096292,0.128903548438581,0.18556152577539,NA,NA,NA
"EGY","Egypt",0.167047933180827,60.8465,13.7623359606621,30.1539735556115,14018.360593453,18797,0.463318614672554,0.296643081342767,0.148853540458584,0.166675533329787,0.162959036610041,0.13488295096318,0.138052681063974
"ETH","Ethiopia",0.0868755652497739,77.654,65.775359582343,86.0715108400629,2222.82824481382,18797,0.220833111666755,0.0910783635686546,0.0574027770388892,0.129754748098101,0.0970327869857721,0.0612377092345085,0.0707369667265814
"GHA","Ghana",0.0959195616321753,85.0845,34.3222516212888,72.6902513129318,5993.63085211077,18797,0.286801085279566,0.145289141884343,0.0902271639091344,0.141511943395223,0.123421391694537,0.087646536045056,0.0945899408073424
"GIN","Guinea",0.0598499760600096,NA,51.1114509585196,83.7428370798309,3332.76576150531,18797,0.136032345587062,0.0482523806990477,0.0331435867425653,0.087779964888014,0.124725974469173,0.0874381998128012,0.0947720360794327
"KEN","Kenya",0.12326435069426,86.489,33.8777193630747,64.1800575215647,4846.86210851932,18797,0.369580252167899,0.217747512900995,0.121561951375219,0.151832739266904,0.129445363087713,0.0913558055060281,0.0980913014601365
"MAR","Morocco",0.149598340160664,NA,16.013625057895,41.8326233523913,8198.80859375,18797,0.442251423099431,0.272862690854924,0.137521944991222,0.169388732244507,NA,NA,NA
"MDG","Madagascar",0.080970367611853,95.445,67.4213988135581,89.0322946944732,1627.5806134224,18797,0.175134329946268,0.0695855721657711,0.0483587806564877,0.105548757780497,0.0924476653560773,0.0573941419217712,0.0671357459599669
"MLI","Mali",0.0675107729956908,93.8135,61.1876373879905,81.6720754556123,2796.22793795433,18797,0.140341543863382,0.0471351811459275,0.0329307868276853,0.0932063627174549,0.119313614137983,0.0849382825793992,0.0952615323442545
"MOZ","Mozambique",0.087726764909294,95.511,71.2796295294531,86.0229910451423,1476.66560298097,18797,0.201308719476512,0.0785763685694526,0.050220779911688,0.12273235090706,0.09668573000618,0.0614695393074825,0.0749531538051391
"MWI","Malawi",0.06261637495345,88.8675,34.2616784376664,62.0008918468988,1613.0593571462,18797,0.167313933074427,0.0682023727190509,0.0489439804224078,0.0991115603553759,0.142718624698905,0.093750790407661,0.0984565800622931
"NER","Niger",0.0525615789753684,96.932,73.0103525463027,90.3399825004093,1520.0015371232,18797,0.0985263605894558,0.0299515880193648,0.0206415917433633,0.068574772570091,0.0969817858886675,0.0601081290152909,0.0735997080293044
"NGA","Nigeria",0.116507953396819,93.0365,31.1256985985016,87.1967527382228,8265.9055121162,18797,0.332712666914933,0.18598712560515,0.107251157099537,0.146725541309783,0.121413084778526,0.0881435666690429,0.0951162151272735
"RWA","Rwanda",0.0968771612491355,85.85,21.6024313746879,43.3377833201156,2351.59686866227,18797,0.300579879768048,0.157365537053785,0.0986859605256158,0.143214342714263,0.103806617157455,0.067676529744219,0.0733272396266691
"SDN","Sudan",0.0806511677395329,90.582,31.1557743698576,46.9956928637535,4061.01831054688,18797,0.178485928605629,0.0694791722083311,0.0458583816566473,0.109006756397297,0.11760061919558,0.0804107479986348,0.0868329131256344
"SEN","Senegal",0.0986327605468958,90.847,23.5518854898362,66.8426527325215,3871.4514678592,18797,0.325424269830292,0.180667127733149,0.106612757354897,0.144757142097143,0.138950993674405,0.110249336280392,0.112169295471466
"SSD","South Sudan",0.0192583922966431,NA,NA,84.0934157775742,NA,18797,0.0333031866787253,0.0081395967441613,0.00611799755280098,0.025163589934564,NA,NA,NA
"TCD","Chad",0.0472415811033676,97.2465,67.0138668917901,91.2346008516149,2604.53153663392,18797,0.0985263605894558,0.0330903867638453,0.0239399904240038,0.0654359738256105,0.10086817403716,0.0645947556174076,0.0772530506548305
"TGO","Togo",0.0835239665904134,91.215,35.7074687234851,80.5953251607756,2462.27744935268,18797,0.216683513326595,0.0917167633132947,0.0599563760174496,0.1249667500133,0.122561812248146,0.0873724219932817,0.0947522155577866
"TUN","Tunisia",0.158801936479225,49.075,8.507232876355,25.8876747035656,12712.22345453,18797,0.492897802840879,0.31515667393733,0.167154333138267,0.177741128903548,0.153540542265131,0.126863957756342,0.128136197422271
"TZA","Tanzania",0.0898547640580944,90.777,60.0033742665071,86.6295157275599,3318.28833007813,18797,0.237857104857158,0.105974357610257,0.0660211735915306,0.131882747246901,0.0891697109014356,0.0564579676357291,0.0659832199628056
"UGA","Uganda",0.0799063680374528,94.479,60.3815604563201,79.2350479858142,2554.22769062073,18797,0.214023514390594,0.0960791615683354,0.0636803745278502,0.117944352822259,0.101485130601608,0.0673804126835304,0.0785633828664707
"ZAF","South Africa",0.192849922860031,34.006,0.405663795511519,15.6915848370869,14434.2611456048,18797,0.510453795818482,0.344735862105655,0.165558333776666,0.165717933712827,NA,NA,NA
"ZMB","Zambia",0.100819323260268,83.846,53.7164658076203,74.5323599768414,3585.12379084347,18796,0.267716535433071,0.123590125558629,0.0760800170248989,0.144126409874441,0.111066378309265,0.0762078275090642,0.0865949993633672
"ZWE","Zimbabwe",0.104484758206097,87.998,50.1453775898975,71.0587871139252,5036.76136109489,18797,0.31265627493749,0.154599138160345,0.0972495611001756,0.158057136777145,0.11163718274724,0.0740268047861091,0.0836435335554186
