iso3,country,subst_exp,informal,selfemp_agri,selfemp,gdppc,task_count,share_exposed,ai_route_share,genai_route_share,non_ai_exposed,exp_unit,exp_lsms,exp_lsms_ex
AGO,Angola,0.117678352928659,90.765,50.6376494608277,75.63351297622836,10414.2358842987,18797,0.2916422833430867,0.13097834760866095,0.07644836942065224,0.16066393573442572,0.1225434195181791,0.0871147143105201,0.0956383277629902
BDI,Burundi,0.0460179815928074,98.044,81.02881763237039,86.17106209003295,1023.97040626757,18797,0.09427036229185508,0.03234558706176518,0.02367399053040379,0.0619247752300899,0.0868802012876614,0.0498748223914765,0.0650526276294316
BEN,Benin,0.0867691652923339,96.585,41.467322363346696,83.2333156447452,3041.77929984989,18797,0.2461563015374794,0.11336915465233814,0.07602276959089216,0.13278714688514126,0.1147024173307822,0.081046500788134,0.0889337315511161
BFA,Burkina Faso,0.0571899771240092,95.093,30.0093013130309,82.8375493785066,2232.28781490944,18797,0.14278874288450286,0.05676437729424908,0.039101984359206254,0.08602436559025378,0.1136732815972528,0.0805190855871672,0.0885369744338906
CIV,Cote dIvoire,0.108687556524977,92.819,41.20139460692625,73.93915529248784,5556.11366322898,18797,0.2945150821939671,0.14177794328882268,0.0837367665052934,0.15273713890514443,0.1234658685684288,0.0900294343520735,0.0987682268870971
CMR,Cameroon,0.0932595626961749,87.099,43.179776677015454,73.54777289118294,4767.13186148953,18797,0.24530510187795926,0.10783635686545726,0.07048997180401127,0.137468745012502,0.1651903821385286,0.115044649875452,0.1225140764341454
COD,DR Congo,0.0542639782944087,96.821,59.34121035584075,84.604823452527,1394.76461472893,18797,0.10778315688673724,0.03819758472096611,0.02819598872160451,0.06958557216577113,0.1101481156674858,0.0707571300602732,0.0844042184407127
DZA,Algeria,0.153854338458265,,,31.3239700410104,15073.7629403565,18797,0.4331542267383093,0.2475927009629196,0.12890354843858062,0.18556152577538967,,,
EGY,Egypt,0.167047933180827,60.8465,13.76233596066215,30.15397355561145,14018.360593453,18797,0.46331861467255414,0.29664308134276746,0.14885354045858382,0.16667553332978668,0.162959036610041,0.1348829509631796,0.1380526810639741
ETH,Ethiopia,0.0868755652497739,77.654,65.77535958234296,86.0715108400629,2222.82824481382,18797,0.22083311166675534,0.09107836356865458,0.057402777038889186,0.12975474809810078,0.097032786985772,0.0612377092345085,0.0707369667265814
GHA,Ghana,0.0959195616321753,85.08449999999999,34.32225162128885,72.69025131293185,5993.63085211077,18797,0.2868010852795659,0.14528914188434325,0.09022716390913443,0.14151194339522263,0.1234213916945369,0.0876465360450559,0.0945899408073423
GIN,Guinea,0.0598499760600096,,51.1114509585196,83.7428370798309,3332.76576150531,18797,0.13603234558706176,0.04825238069904772,0.033143586742565304,0.08777996488801404,0.1247259744691729,0.0874381998128011,0.0947720360794327
KEN,Kenya,0.12326435069426,86.489,33.877719363074654,64.18005752156475,4846.86210851932,18797,0.36958025216789914,0.21774751290099484,0.12156195137521945,0.1518327392669043,0.1294453630877132,0.091355805506028,0.0980913014601364
MAR,Morocco,0.149598340160664,,16.013625057895,41.83262335239125,8198.80859375,18797,0.4422514230994308,0.27286269085492365,0.137521944991222,0.16938873224450712,,,
MDG,Madagascar,0.080970367611853,95.445,67.4213988135581,89.03229469447315,1627.5806134224,18797,0.175134329946268,0.06958557216577113,0.048358780656487736,0.10554875778049688,0.0924476653560771,0.0573941419217711,0.0671357459599669
MLI,Mali,0.0675107729956908,93.8135,61.1876373879905,81.67207545561234,2796.22793795433,18797,0.14034154386338246,0.04713518114592754,0.03293078682768527,0.09320636271745492,0.1193136141379831,0.0849382825793991,0.0952615323442544
MOZ,Mozambique,0.087726764909294,95.511,71.27962952945315,86.0229910451423,1476.66560298097,18797,0.20130871947651222,0.07857636856945258,0.05022077991168804,0.12273235090705964,0.0966857300061799,0.0614695393074825,0.0749531538051391
MWI,Malawi,0.06261637495345,88.8675,34.261678437666404,62.00089184689875,1613.0593571462,18797,0.16731393307442677,0.06820237271905091,0.04894398042240783,0.09911156035537586,0.1427186246989046,0.0937507904076609,0.0984565800622931
NER,Niger,0.0525615789753684,96.932,73.0103525463027,90.33998250040928,1520.0015371232,18797,0.09852636058945577,0.029951588019364792,0.020641591743363302,0.06857477257009098,0.0969817858886675,0.0601081290152908,0.0735997080293043
NGA,Nigeria,0.116507953396819,93.0365,31.1256985985016,87.19675273822276,8265.9055121162,18797,0.33271266691493323,0.18598712560514977,0.10725115709953716,0.14672554130978346,0.121413084778526,0.0881435666690428,0.0951162151272735
RWA,Rwanda,0.0968771612491355,85.85,21.602431374687853,43.337783320115605,2351.59686866227,18797,0.3005798797680481,0.15736553705378517,0.09868596052561579,0.14321434271426295,0.1038066171574554,0.067676529744219,0.073327239626669
SDN,Sudan,0.0806511677395329,90.582,31.1557743698576,46.9956928637535,4061.01831054688,18797,0.17848592860562856,0.06947917220833112,0.04585838165664734,0.10900675639729744,0.1176006191955797,0.0804107479986347,0.0868329131256343
SEN,Senegal,0.0986327605468958,90.847,23.5518854898362,66.84265273252146,3871.4514678592,18797,0.32542426983029205,0.1806671277331489,0.10661275735489706,0.14475714209714313,0.1389509936744045,0.110249336280392,0.1121692954714663
SSD,South Sudan,0.0192583922966431,,,84.0934157775742,,18797,0.03330318667872533,0.008139596744161303,0.006117997552800979,0.02516358993456403,,,
TCD,Chad,0.0472415811033676,97.2465,67.01386689179006,91.23460085161494,2604.53153663392,18797,0.09852636058945577,0.03309038676384529,0.02393999042400383,0.06543597382561048,0.1008681740371601,0.0645947556174075,0.0772530506548304
TGO,Togo,0.0835239665904134,91.215,35.70746872348505,80.5953251607756,2462.27744935268,18797,0.21668351332659466,0.09171676331329467,0.059956376017449596,0.12496675001329999,0.1225618122481464,0.0873724219932816,0.0947522155577866
TUN,Tunisia,0.158801936479225,49.075,8.507232876355005,25.8876747035656,12712.22345453,18797,0.49289780284087886,0.31515667393733043,0.16715433313826675,0.17774112890354843,0.1535405422651308,0.1268639577563417,0.1281361974222711
TZA,Tanzania,0.0898547640580944,90.777,60.0033742665071,86.6295157275599,3318.28833007813,18797,0.23785710485715805,0.10597435761025696,0.06602117359153056,0.13188274724690108,0.0891697109014355,0.056457967635729,0.0659832199628055
UGA,Uganda,0.0799063680374528,94.479,60.3815604563201,79.23504798581419,2554.22769062073,18797,0.21402351439059425,0.09607916156833538,0.06368037452785019,0.11794435282225887,0.1014851306016078,0.0673804126835303,0.0785633828664706
ZAF,South Africa,0.192849922860031,34.006,0.405663795511519,15.6915848370869,14434.2611456048,18797,0.5104537958184817,0.34473586210565516,0.16555833377666648,0.16571793371282656,,,
ZMB,Zambia,0.100819323260268,83.846,53.7164658076203,74.5323599768414,3585.12379084347,18796,0.2677165354330709,0.1235901255586295,0.07608001702489892,0.1441264098744414,0.1110663783092649,0.0762078275090641,0.0865949993633672
ZWE,Zimbabwe,0.104484758206097,87.998,50.1453775898975,71.0587871139252,5036.76136109489,18797,0.31265627493749004,0.15459913816034473,0.09724956110017556,0.1580571367771453,0.1116371827472402,0.0740268047861091,0.0836435335554185
