iso3,year,x_pct,exp_unit,exp_lsms,exp_lsms_ex,agri_share,clerical_share,country,share_exposed,subst_exp,informal,selfemp_agri,selfemp,gdppc
AGO,2025,1.65,0.12254341951817913,0.08711471431052013,0.09563832776299028,0.4617121197689067,0.008601850300764022,Angola,0.291642283343087,0.117678352928659,90.765,50.6376494608277,75.63351297622836,10414.2358842987
BDI,2020,0.0,0.08688020128766144,0.0498748223914765,0.06505262762943165,0.822160304304395,0.0034146187773132146,Burundi,0.0942703622918551,0.0460179815928074,98.044,81.02881763237039,86.17106209003295,1023.97040626757
BEN,2022,0.03,0.1147024173307822,0.08104650078813401,0.0889337315511161,0.42724016697726364,0.009903534918755062,Benin,0.246156301537479,0.0867691652923339,96.585,41.467322363346696,83.2333156447452,3041.77929984989
BFA,2025,0.1,0.11367328159725282,0.08051908558716724,0.08853697443389069,0.43431773110491495,0.007779181996667272,Burkina Faso,0.142788742884503,0.0571899771240092,95.093,30.0093013130309,82.8375493785066,2232.28781490944
BWA,2024,0.23,0.15717269250650065,0.12130057761098563,0.12447519760061854,0.17196468763484124,0.03756428646398209,,,,,,,
CIV,2022,0.81,0.12346586856842882,0.09002943435207351,0.09876822688709716,0.47336806720126173,0.02500565055627853,Cote dIvoire,0.294515082193967,0.108687556524977,92.819,41.20139460692625,73.93915529248784,5556.11366322898
CMR,2021,0.39,0.1651903821385286,0.11504464987545204,0.12251407643414541,0.40460830246508217,0.02771586567256093,Cameroon,0.245305101877959,0.0932595626961749,87.099,43.179776677015454,73.54777289118294,4767.13186148953
COD,2020,1.57,0.11014811566748589,0.07075713006027323,0.0844042184407127,0.7392435309205969,0.005078366746873376,DR Congo,0.107783156886737,0.0542639782944087,96.821,59.34121035584075,84.604823452527,1394.76461472893
COM,2021,32.83,0.15168248398820022,0.11958204543562645,0.12719620639241452,0.4124483606892643,0.07647584711842421,,,,,,,
CPV,2019,0.03,0.1591933508590078,0.1280378141315778,0.12958688887155428,0.08391119398636443,0.05443058873803002,,,,,,,
DJI,2017,3.49,0.2439265371995739,0.21554405650301686,0.21594004041076068,0.021449889821762293,0.14397087947337592,,,,,,,
EGY,2024,8.42,0.16295903661004102,0.13488295096317968,0.13805268106397414,0.1716998092527295,0.046874856946229955,Egypt,0.463318614672554,0.167047933180827,60.8465,13.76233596066215,30.15397355561145,14018.360593453
ETH,2021,1.3,0.09703278698577203,0.0612377092345085,0.0707369667265814,0.5145613814320278,0.005468804207793568,Ethiopia,0.220833111666755,0.0868755652497739,77.654,65.77535958234296,86.0715108400629,2222.82824481382
GAB,2024,0.92,0.16976864271426345,0.13542469634171966,0.1379577400037192,0.1372114027895129,0.0652259871720699,,,,,,,
GHA,2025,0.0,0.12342139169453692,0.08764653604505596,0.09458994080734237,0.3761144436083889,0.015404048126362209,Ghana,0.286801085279566,0.0959195616321753,85.08449999999999,34.32225162128885,72.69025131293185,5993.63085211077
GIN,2019,0.0,0.12472597446917295,0.08743819981280114,0.0947720360794327,0.39726356756866343,0.011762820137157404,Guinea,0.136032345587062,0.0598499760600096,,51.1114509585196,83.7428370798309,3332.76576150531
GMB,2025,0.0,0.1340148285909541,0.0983664050282807,0.10265022535998516,0.23204850584668685,0.009526466076003258,,,,,,,
GNB,2022,0.0,0.10604469257526562,0.070893225291198,0.07827601075157563,0.39991507636026935,0.013880328674367544,,,,,,,
GNQ,2023,0.0,0.14385831048645856,0.1116902921485013,0.1178609042571391,0.3342533554387293,0.03134913160481072,,,,,,,
KEN,2021,1.13,0.12944536308771323,0.09135580550602806,0.09809130146013649,0.36485231668560275,0.009228146915021192,Kenya,0.369580252167899,0.12326435069426,86.489,33.877719363074654,64.18005752156475,4846.86210851932
LBR,2017,37.16,0.15013401060022083,0.10925875864530982,0.1155535842394568,0.34098182476903566,0.010526739528611396,,,,,,,
LSO,2024,0.0,0.10731858947637817,0.07825966588468437,0.08449354078992288,0.3376802119103306,0.009451710770900082,,,,,,,
MDG,2022,0.21,0.09244766535607718,0.0573941419217711,0.0671357459599669,0.527688952051346,0.008845081905291126,Madagascar,0.175134329946268,0.080970367611853,95.445,67.4213988135581,89.03229469447315,1627.5806134224
MLI,2024,0.02,0.11931361413798314,0.08493828257939914,0.09526153234425444,0.5591958807627435,0.02684258954277861,Mali,0.140341543863382,0.0675107729956908,93.8135,61.1876373879905,81.67207545561234,2796.22793795433
MOZ,2022,0.0,0.09668573000617994,0.0614695393074825,0.0749531538051391,0.7303883812393719,0.004808520244886086,Mozambique,0.201308719476512,0.087726764909294,95.511,71.27962952945315,86.0229910451423,1476.66560298097
MUS,2024,0.08,0.20619096410038526,0.17882597158602068,0.17961432756523088,0.04270413156619013,0.09285733885794253,,,,,,,
MWI,2024,0.0,0.14271862469890467,0.09375079040766099,0.09845658006229314,0.25490598896142447,0.006496670032379929,Malawi,0.167313933074427,0.06261637495345,88.8675,34.261678437666404,62.00089184689875,1613.0593571462
NAM,2023,0.07,0.1789595908275659,0.13929880169535044,0.14212500129709943,0.15309124660450246,0.05055618070138974,,,,,,,
NER,2022,0.49,0.0969817858886675,0.06010812901529085,0.07359970802930434,0.7308198078579725,0.00555643390729955,Niger,0.0985263605894558,0.0525615789753684,96.932,73.0103525463027,90.33998250040928,1520.0015371232
NGA,2024,23.27,0.12141308477852605,0.08814356666904287,0.09511621512727357,0.3776985333749652,0.009261257197760175,Nigeria,0.332712666914933,0.116507953396819,93.0365,31.1256985985016,87.19675273822276,8265.9055121162
RWA,2025,0.0,0.10380661715745547,0.06767652974421902,0.07332723962666908,0.30609098507030985,0.007168358239006883,Rwanda,0.300579879768048,0.0968771612491355,85.85,21.602431374687853,43.337783320115605,2351.59686866227
SDN,2022,9.07,0.11760061919557978,0.08041074799863479,0.08683291312563438,0.34787962767523406,0.006546955592237771,Sudan,0.178485928605629,0.0806511677395329,90.582,31.1557743698576,46.9956928637535,4061.01831054688
SEN,2024,66.77,0.1389509936744045,0.11024933628039209,0.1121692954714663,0.10400148163966363,0.05177434258830849,Senegal,0.325424269830292,0.0986327605468958,90.847,23.5518854898362,66.84265273252146,3871.4514678592
SLE,2018,1.16,0.108541216747463,0.0720626209696314,0.08239419028402328,0.5596465390279824,0.00459784312793957,,,,,,,
SOM,2019,0.0,0.16755488314459266,0.11087371974542447,0.11204603092643994,0.06350244335148601,0.01572003054312834,,,,,,,
STP,2017,3.46,0.13963120697056638,0.10734721863015213,0.11233641005697077,0.2702574632759438,0.019763860369609854,,,,,,,
SWZ,2023,2.19,0.15887407742921897,0.1262806038341007,0.12775175310850312,0.07969008141541081,0.0339024937187942,,,,,,,
SYC,2025,1.67,0.21546404003082814,0.17735721258793297,0.17811446470582312,0.04101927926462214,0.06155942406247458,,,,,,,
TCD,2022,3.36,0.10086817403716018,0.06459475561740753,0.07725305065483044,0.6856819900361666,0.009317597125541238,Chad,0.0985263605894558,0.0472415811033676,97.2465,67.01386689179006,91.23460085161494,2604.53153663392
TGO,2022,0.0,0.12256181224814647,0.08737242199328166,0.0947522155577866,0.399753009580352,0.01277797984035432,Togo,0.216683513326595,0.0835239665904134,91.215,35.70746872348505,80.5953251607756,2462.27744935268
TUN,2021,0.0,0.15354054226513084,0.12686395775634174,0.12813619742227111,0.06891542844896495,0.042818704930980174,Tunisia,0.492897802840879,0.158801936479225,49.075,8.507232876355005,25.8876747035656,12712.22345453
TZA,2024,0.0,0.08916971090143558,0.05645796763572909,0.06598321996280555,0.5159694849833518,0.00440858268040873,Tanzania,0.237857104857158,0.0898547640580944,90.777,60.0033742665071,86.6295157275599,3318.28833007813
UGA,2021,0.0,0.10148513060160785,0.06738041268353039,0.07856338286647069,0.6057657233366823,0.0037889628968901107,Uganda,0.214023514390594,0.0799063680374528,94.479,60.3815604563201,79.23504798581419,2554.22769062073
ZMB,2024,0.0,0.11106637830926494,0.07620782750906419,0.08659499936336724,0.5626584501980606,0.011368374402820602,Zambia,0.267716535433071,0.100819323260268,83.846,53.7164658076203,74.5323599768414,3585.12379084347
ZWE,2025,0.79,0.11163718274724027,0.0740268047861091,0.08364353355541856,0.5209246348488215,0.009125443126124604,Zimbabwe,0.31265627493749,0.104484758206097,87.998,50.1453775898975,71.0587871139252,5036.76136109489
