"iso3","year","x_pct","agri_share","exp_unit","exp_lsms","exp_lsms_ex","country","share_exposed","subst_exp","informal","selfemp_agri","selfemp","gdppc"
"AGO",2025,1.65,0.461712119768907,0.122543419518179,0.0871147143105202,0.0956383277629903,"Angola",0.291642283343087,0.117678352928659,90.765,50.6376494608277,75.6335129762284,10414.2358842987
"BDI",2020,0,0.822160304304395,0.0868802012876615,0.0498748223914765,0.0650526276294316,"Burundi",0.0942703622918551,0.0460179815928074,98.044,81.0288176323704,86.1710620900329,1023.97040626757
"BEN",2022,0.03,0.427240166977264,0.114702417330782,0.0810465007881341,0.0889337315511161,"Benin",0.246156301537479,0.0867691652923339,96.585,41.4673223633467,83.2333156447452,3041.77929984989
"BFA",2025,0.1,0.434317731104915,0.113673281597253,0.0805190855871673,0.0885369744338907,"Burkina Faso",0.142788742884503,0.0571899771240092,95.093,30.0093013130309,82.8375493785066,2232.28781490944
"BWA",2024,0.23,0.171964687634841,0.157172692506501,0.121300577610986,0.124475197600619,NA,NA,NA,NA,NA,NA,NA
"CIV",2022,0.81,0.473368067201262,0.123465868568429,0.0900294343520736,0.0987682268870972,"Cote dIvoire",0.294515082193967,0.108687556524977,92.819,41.2013946069263,73.9391552924878,5556.11366322898
"CMR",2021,0.39,0.404608302465082,0.165190382138529,0.115044649875452,0.122514076434145,"Cameroon",0.245305101877959,0.0932595626961749,87.099,43.1797766770155,73.5477728911829,4767.13186148953
"COD",2020,1.57,0.739243530920597,0.110148115667486,0.0707571300602733,0.0844042184407127,"DR Congo",0.107783156886737,0.0542639782944087,96.821,59.3412103558408,84.604823452527,1394.76461472893
"COM",2021,32.83,0.412448360689264,0.1516824839882,0.119582045435626,0.127196206392414,NA,NA,NA,NA,NA,NA,NA
"CPV",2019,0.03,0.0839111939863644,0.159193350859008,0.128037814131578,0.129586888871554,NA,NA,NA,NA,NA,NA,NA
"DJI",2017,3.49,0.0214498898217623,0.243926537199574,0.215544056503017,0.215940040410761,NA,NA,NA,NA,NA,NA,NA
"EGY",2024,8.42,0.17169980925273,0.162959036610041,0.13488295096318,0.138052681063974,"Egypt",0.463318614672554,0.167047933180827,60.8465,13.7623359606621,30.1539735556115,14018.360593453
"ETH",2021,1.3,0.514561381432028,0.0970327869857721,0.0612377092345085,0.0707369667265814,"Ethiopia",0.220833111666755,0.0868755652497739,77.654,65.775359582343,86.0715108400629,2222.82824481382
"GAB",2024,0.92,0.137211402789513,0.169768642714263,0.13542469634172,0.137957740003719,NA,NA,NA,NA,NA,NA,NA
"GHA",2025,0,0.376114443608389,0.123421391694537,0.087646536045056,0.0945899408073424,"Ghana",0.286801085279566,0.0959195616321753,85.0845,34.3222516212888,72.6902513129318,5993.63085211077
"GIN",2019,0,0.397263567568663,0.124725974469173,0.0874381998128012,0.0947720360794327,"Guinea",0.136032345587062,0.0598499760600096,NA,51.1114509585196,83.7428370798309,3332.76576150531
"GMB",2025,0,0.232048505846687,0.134014828590954,0.0983664050282807,0.102650225359985,NA,NA,NA,NA,NA,NA,NA
"GNB",2022,0,0.399915076360269,0.106044692575266,0.070893225291198,0.0782760107515756,NA,NA,NA,NA,NA,NA,NA
"GNQ",2023,0,0.334253355438729,0.143858310486459,0.111690292148501,0.117860904257139,NA,NA,NA,NA,NA,NA,NA
"KEN",2021,1.13,0.364852316685603,0.129445363087713,0.0913558055060281,0.0980913014601365,"Kenya",0.369580252167899,0.12326435069426,86.489,33.8777193630747,64.1800575215647,4846.86210851932
"LBR",2017,37.16,0.340981824769036,0.150134010600221,0.10925875864531,0.115553584239457,NA,NA,NA,NA,NA,NA,NA
"LSO",2024,0,0.337680211910331,0.107318589476378,0.0782596658846844,0.0844935407899229,NA,NA,NA,NA,NA,NA,NA
"MDG",2022,0.21,0.527688952051346,0.0924476653560773,0.0573941419217712,0.0671357459599669,"Madagascar",0.175134329946268,0.080970367611853,95.445,67.4213988135581,89.0322946944732,1627.5806134224
"MLI",2024,0.02,0.559195880762744,0.119313614137983,0.0849382825793992,0.0952615323442545,"Mali",0.140341543863382,0.0675107729956908,93.8135,61.1876373879905,81.6720754556123,2796.22793795433
"MOZ",2022,0,0.730388381239372,0.09668573000618,0.0614695393074825,0.0749531538051391,"Mozambique",0.201308719476512,0.087726764909294,95.511,71.2796295294531,86.0229910451423,1476.66560298097
"MUS",2024,0.08,0.0427041315661901,0.206190964100385,0.178825971586021,0.179614327565231,NA,NA,NA,NA,NA,NA,NA
"MWI",2024,0,0.254905988961424,0.142718624698905,0.093750790407661,0.0984565800622931,"Malawi",0.167313933074427,0.06261637495345,88.8675,34.2616784376664,62.0008918468988,1613.0593571462
"NAM",2023,0.07,0.153091246604502,0.178959590827566,0.13929880169535,0.142125001297099,NA,NA,NA,NA,NA,NA,NA
"NER",2022,0.49,0.730819807857973,0.0969817858886675,0.0601081290152909,0.0735997080293044,"Niger",0.0985263605894558,0.0525615789753684,96.932,73.0103525463027,90.3399825004093,1520.0015371232
"NGA",2024,23.27,0.377698533374965,0.121413084778526,0.0881435666690429,0.0951162151272735,"Nigeria",0.332712666914933,0.116507953396819,93.0365,31.1256985985016,87.1967527382228,8265.9055121162
"RWA",2025,0,0.30609098507031,0.103806617157455,0.067676529744219,0.0733272396266691,"Rwanda",0.300579879768048,0.0968771612491355,85.85,21.6024313746879,43.3377833201156,2351.59686866227
"SDN",2022,9.07,0.347879627675234,0.11760061919558,0.0804107479986348,0.0868329131256344,"Sudan",0.178485928605629,0.0806511677395329,90.582,31.1557743698576,46.9956928637535,4061.01831054688
"SEN",2024,66.77,0.104001481639664,0.138950993674405,0.110249336280392,0.112169295471466,"Senegal",0.325424269830292,0.0986327605468958,90.847,23.5518854898362,66.8426527325215,3871.4514678592
"SLE",2018,1.16,0.559646539027982,0.108541216747463,0.0720626209696314,0.0823941902840233,NA,NA,NA,NA,NA,NA,NA
"SOM",2019,0,0.063502443351486,0.167554883144593,0.110873719745424,0.11204603092644,NA,NA,NA,NA,NA,NA,NA
"STP",2017,3.46,0.270257463275944,0.139631206970566,0.107347218630152,0.112336410056971,NA,NA,NA,NA,NA,NA,NA
"SWZ",2023,2.19,0.0796900814154108,0.158874077429219,0.126280603834101,0.127751753108503,NA,NA,NA,NA,NA,NA,NA
"SYC",2025,1.67,0.0410192792646221,0.215464040030828,0.177357212587933,0.178114464705823,NA,NA,NA,NA,NA,NA,NA
"TCD",2022,3.36,0.685681990036167,0.10086817403716,0.0645947556174076,0.0772530506548305,"Chad",0.0985263605894558,0.0472415811033676,97.2465,67.0138668917901,91.2346008516149,2604.53153663392
"TGO",2022,0,0.399753009580352,0.122561812248146,0.0873724219932817,0.0947522155577866,"Togo",0.216683513326595,0.0835239665904134,91.215,35.7074687234851,80.5953251607756,2462.27744935268
"TUN",2021,0,0.0689154284489649,0.153540542265131,0.126863957756342,0.128136197422271,"Tunisia",0.492897802840879,0.158801936479225,49.075,8.507232876355,25.8876747035656,12712.22345453
"TZA",2024,0,0.515969484983352,0.0891697109014356,0.0564579676357291,0.0659832199628056,"Tanzania",0.237857104857158,0.0898547640580944,90.777,60.0033742665071,86.6295157275599,3318.28833007813
"UGA",2021,0,0.605765723336682,0.101485130601608,0.0673804126835304,0.0785633828664707,"Uganda",0.214023514390594,0.0799063680374528,94.479,60.3815604563201,79.2350479858142,2554.22769062073
"ZMB",2024,0,0.562658450198061,0.111066378309265,0.0762078275090642,0.0865949993633672,"Zambia",0.267716535433071,0.100819323260268,83.846,53.7164658076203,74.5323599768414,3585.12379084347
"ZWE",2025,0.79,0.520924634848822,0.11163718274724,0.0740268047861091,0.0836435335554186,"Zimbabwe",0.31265627493749,0.104484758206097,87.998,50.1453775898975,71.0587871139252,5036.76136109489
